INSERT INTO Author VALUES (101, 'Alexander Sforza', 2000)
INSERT INTO Author VALUES (102, 'Rachel Moran', 1500)
INSERT INTO Author VALUES (103, 'David Terans', 2000)
INSERT INTO Author VALUES (104, 'Elizabeth Forster', 2500)

INSERT INTO Contest VALUES ('Week of Code', 2016, 'Norman, OK')
INSERT INTO Contest VALUES ('University Codesprint', 2017, 'College Station, TX')
INSERT INTO Contest VALUES ('Hour Rank', 2018, 'Norman, OK')

INSERT INTO Contest_Problems VALUES ('Week of Code',10)
INSERT INTO Contest_Problems VALUES ('Week of Code',11)
INSERT INTO Contest_Problems VALUES ('Week of Code',12)
INSERT INTO Contest_Problems VALUES ('Week of Code',13)
INSERT INTO Contest_Problems VALUES ('University Codesprint',14)
INSERT INTO Contest_Problems VALUES ('University Codesprint',15)
INSERT INTO Contest_Problems VALUES ('University Codesprint',16)
INSERT INTO Contest_Problems VALUES ('Hour Rank',17)
INSERT INTO Contest_Problems VALUES ('Hour Rank',18)
INSERT INTO Contest_Problems VALUES ('Hour Rank',19)

INSERT INTO Participated VALUES ('1udaya1', 'Week of Code')
INSERT INTO Participated VALUES ('mightybruce', 'Week of Code')
INSERT INTO Participated VALUES ('jose1980', 'Week of Code')
INSERT INTO Participated VALUES ('moerman', 'University Codesprint')
INSERT INTO Participated VALUES ('grice', 'University Codesprint')
INSERT INTO Participated VALUES ('stefan', 'University Codesprint')
INSERT INTO Participated VALUES ('stefan', 'Hour Rank')
INSERT INTO Participated VALUES ('cfox', 'Hour Rank')
INSERT INTO Participated VALUES ('_ash_', 'Hour Rank')

INSERT INTO Problem VALUES (10, 'Exceeding the Speed Limit', 10, 101)
INSERT INTO Problem VALUES (11, 'Array Triplets', 20, 102)
INSERT INTO Problem VALUES (12, 'a,b Special Points', 30, 104)
INSERT INTO Problem VALUES (13, 'Cube-loving Numbers', 50, 103)
INSERT INTO Problem VALUES (14, 'Interesting Trip', 15, 104)
INSERT INTO Problem VALUES (15, 'Sword Profit', 20, 103)
INSERT INTO Problem VALUES (16, 'Which Section?', 40, 103)
INSERT INTO Problem VALUES (17, 'Minute to Win It', 10, 103)
INSERT INTO Problem VALUES (18, 'Watson\'s Love for Arrays', 30, 102)
INSERT INTO Problem VALUES (19, 'Dynamic Trees', 50, 102)

INSERT INTO Scored VALUES (10, '1udaya1',  10)
INSERT INTO Scored VALUES (10, 'mightybruce',  8)
INSERT INTO Scored VALUES (10, 'jose1980',  51)
INSERT INTO Scored VALUES (11, '1udaya1',  20)
INSERT INTO Scored VALUES (11, 'jose1980',  8)
INSERT INTO Scored VALUES (12, 'mightybruce',  10)
INSERT INTO Scored VALUES (12, 'jose1980',  20)
INSERT INTO Scored VALUES (13, 'jose1980',  35)
INSERT INTO Scored VALUES (14, 'moerman',  10)
INSERT INTO Scored VALUES (14, 'grice',  15)
INSERT INTO Scored VALUES (14, 'stefan',  14)
INSERT INTO Scored VALUES (15, 'moerman',  19)
INSERT INTO Scored VALUES (15, 'stefan',  18)
INSERT INTO Scored VALUES (16, 'grice',  33)
INSERT INTO Scored VALUES (17, 'stefan',  10)
INSERT INTO Scored VALUES (17, '_ash_',  10)
INSERT INTO Scored VALUES (17, 'cfox',  9)
INSERT INTO Scored VALUES (18, 'stefan',  27)
INSERT INTO Scored VALUES (18, '_ash_',  18)
INSERT INTO Scored VALUES (19, 'stefan',  41)

INSERT INTO Student VALUES ('stefan', 'Stefan Keller', 'University of Oklahoma', 2020)
INSERT INTO Student VALUES ('cfox', 'Colin Fox', 'Oklahoma State University', 2021)
INSERT INTO Student VALUES ('moerman', 'Fientje Moerman', 'Oklahoma State University', 2019)
INSERT INTO Student VALUES ('grice', 'George Rice', 'Texas A&M University', 2019)
INSERT INTO Student VALUES ('1udaya1', 'Udaya Chandrika', 'Baylor University', 2018)
INSERT INTO Student VALUES ('mightybruce', 'Bruce Yamashita', 'Texas A&M University', 2018)
INSERT INTO Student VALUES ('_ash_', 'Ashley Brzozowicz', 'University of Oklahoma', 2020)
INSERT INTO Student VALUES ('jose1980', 'Jose Monteiro', 'Texas Christian University', 2018)
