-- INSERT INTO Trainer VALUES(trainer_id, 'title', 'first_name')
INSERT INTO Trainer VALUES(1, 'Lady', 'Madame')
INSERT INTO Trainer VALUES(2, 'Richboy', 'Richy')
INSERT INTO Trainer VALUES(3, 'Botanist', 'Lief')
INSERT INTO Trainer VALUES(4, 'Ace Trainer', 'Ace')
INSERT INTO Trainer VALUES(100, 'Gym Leader', 'Brock')
INSERT INTO Trainer VALUES(200, 'Gym Leader', 'Misty')
INSERT INTO Trainer VALUES(300, 'Gym Leader', 'Lt. Surge')
INSERT INTO Trainer VALUES(400, 'Gym Leader', 'Koga')
INSERT INTO Trainer VALUES(500, 'Gym Leader', 'Janine')
INSERT INTO Trainer VALUES(600, 'Gym Leader', 'Sabrina')
INSERT INTO Trainer VALUES(700, 'Gym Leader', 'Blaine')
INSERT INTO Trainer VALUES(800, 'Gym Leader', 'Giovanni')

-- INSERT INTO Gym VALUES (city_name, type_specialization, badge_name, gym_leader_id, gym_leader_monologue)
INSERT INTO Gym VALUES ('Pewter City', 'Rock', 'Boulder Badge', 100,'My rock-hard willpower is evident even in my Pokemon. My Pokemon are all rock hard and have true-grit determination. That''s right - my Pokemon are all the Rock type!')
INSERT INTO Gym VALUES ('Cerulean City', 'Water', 'Cascade Badge', 200,'My policy is an all-out offensive with Water-type Pokemon!')
INSERT INTO Gym VALUES ('Vermillion City', 'Electric', 'Thunder Badge', 300,'Hey, kid! What do you think you''re doing here? You won''t live long in combat! That''s for sure! I tell you kid, electric Pokémon saved me during the war! They zapped my enemies into paralysis! The same as I''ll do to you!')
INSERT INTO Gym VALUES ('Celadon City', 'Grass', 'Rainbow Badge', 400,'Fwahahaha! A mere child like you dares to challenge me? Very well, I shall show you true terror as a ninja master! You shall feel the despair of poison and sleep techniques!')
INSERT INTO Gym VALUES ('Fuchsia City', 'Poison', 'Soul Badge', 500,'Fufufufu... I''m sorry to disappoint you... I''m only joking! I''m the real deal! Janine of Fuchsia Gym, that''s me!')
INSERT INTO Gym VALUES ('Saffron City', 'Psychic', 'Marsh Badge', 600,'I had a vision of your arrival! I have had psychic powers since I was a little child. I first learned to bend spoons with my mind. I dislike fighting, but if you wish, I will show you my powers!')
INSERT INTO Gym VALUES ('Cinnabar Island', 'Fire', 'Volcano Badge', 700,'Hah! I''m Blaine! I am the Leader of Cinnabar Gym! My fiery Pokémon will incinerate all challengers! Hah! You better have Burn Heal!''')
INSERT INTO Gym VALUES ('Viridian City', 'Ground', 'Earth Badge', 800,'Fwahahaha! This is my hideout! I planned to resurrect Team Rocket here! But, you have caught me again! So be it! This time, I''m not holding back! Once more, you shall face Giovanni, the greatest trainer!')
-- , 'Blue','Yo! Finally got here, huh? I wasn't in the mood at Cinnabar, but now I'm ready to battle you. … You're telling me you conquered all the Gyms in Johto? Heh! Johto's Gyms must be pretty pathetic then. Hey, don't worry about it. I'll know if you are good or not by battling you right now. '

INSERT INTO GymBattle VALUES (1, 'Pewter City')
INSERT INTO GymBattle VALUES (1, 'Cerulean City')
INSERT INTO GymBattle VALUES (1, 'Vermillion City')
INSERT INTO GymBattle VALUES (1, 'Celadon City')
INSERT INTO GymBattle VALUES (2, 'Pewter City')
INSERT INTO GymBattle VALUES (2, 'Cerulean City')
INSERT INTO GymBattle VALUES (3, 'Pewter City')
INSERT INTO GymBattle VALUES (3, 'Cerulean City')
INSERT INTO GymBattle VALUES (3, 'Vermillion City')
INSERT INTO GymBattle VALUES (3, 'Celadon City')
INSERT INTO GymBattle VALUES (3, 'Fuchsia City')
INSERT INTO GymBattle VALUES (3, 'Saffron City')

-- INSERT INTO PokemonSpecies VALUES(species_id, name, type_1, type_2, evolves_from)
INSERT INTO PokemonSpecies VALUES(1, 'bulbasaur', 'grass', 'poison', NULL) 
INSERT INTO PokemonSpecies VALUES(2, 'ivysaur', 'grass', 'poison', 1) 
INSERT INTO PokemonSpecies VALUES(3, 'venusaur', 'grass', 'poison', 2) 
INSERT INTO PokemonSpecies VALUES(4, 'charmander', 'fire', NULL, NULL) 
INSERT INTO PokemonSpecies VALUES(5, 'charmeleon', 'fire', NULL, 4) 
INSERT INTO PokemonSpecies VALUES(6, 'charizard', 'fire', 'flying', 5) 
INSERT INTO PokemonSpecies VALUES(7, 'squirtle', 'water', NULL, NULL) 
INSERT INTO PokemonSpecies VALUES(8, 'wartortle', 'water', NULL, 7) 
INSERT INTO PokemonSpecies VALUES(9, 'blastoise', 'water', NULL, 8) 
INSERT INTO PokemonSpecies VALUES(10, 'caterpie', 'bug', NULL, NULL) 
INSERT INTO PokemonSpecies VALUES(11, 'metapod', 'bug', NULL, 10) 
INSERT INTO PokemonSpecies VALUES(12, 'butterfree', 'bug', 'flying', 11) 
INSERT INTO PokemonSpecies VALUES(13, 'weedle', 'bug', 'poison', NULL) 
INSERT INTO PokemonSpecies VALUES(14, 'kakuna', 'bug', 'poison', 13) 
INSERT INTO PokemonSpecies VALUES(15, 'beedrill', 'bug', 'poison', 14) 
INSERT INTO PokemonSpecies VALUES(16, 'pidgey', 'normal', 'flying', NULL) 
INSERT INTO PokemonSpecies VALUES(17, 'pidgeotto', 'normal', 'flying', 16) 
INSERT INTO PokemonSpecies VALUES(18, 'pidgeot', 'normal', 'flying', 17) 
INSERT INTO PokemonSpecies VALUES(19, 'rattata', 'normal', NULL, NULL) 
INSERT INTO PokemonSpecies VALUES(20, 'raticate', 'normal', NULL, 19) 
INSERT INTO PokemonSpecies VALUES(21, 'spearow', 'normal', 'flying', NULL) 
INSERT INTO PokemonSpecies VALUES(22, 'fearow', 'normal', 'flying', 21) 
INSERT INTO PokemonSpecies VALUES(23, 'ekans', 'poison', NULL, NULL) 
INSERT INTO PokemonSpecies VALUES(24, 'arbok', 'poison', NULL, 23) 
INSERT INTO PokemonSpecies VALUES(25, 'pikachu', 'electric', NULL, 172) 
INSERT INTO PokemonSpecies VALUES(26, 'raichu', 'electric', NULL, 25) 
INSERT INTO PokemonSpecies VALUES(27, 'sandshrew', 'ground', NULL, NULL) 
INSERT INTO PokemonSpecies VALUES(28, 'sandslash', 'ground', NULL, 27) 
INSERT INTO PokemonSpecies VALUES(29, 'nidoran-f', 'poison', NULL, NULL) 
INSERT INTO PokemonSpecies VALUES(30, 'nidorina', 'poison', NULL, 29) 
INSERT INTO PokemonSpecies VALUES(31, 'nidoqueen', 'poison', 'ground', 30) 
INSERT INTO PokemonSpecies VALUES(32, 'nidoran-m', 'poison', NULL, NULL) 
INSERT INTO PokemonSpecies VALUES(33, 'nidorino', 'poison', NULL, 32) 
INSERT INTO PokemonSpecies VALUES(34, 'nidoking', 'poison', 'ground', 33) 
INSERT INTO PokemonSpecies VALUES(35, 'clefairy', 'fairy', NULL, 173) 
INSERT INTO PokemonSpecies VALUES(36, 'clefable', 'fairy', NULL, 35) 
INSERT INTO PokemonSpecies VALUES(37, 'vulpix', 'fire', NULL, NULL) 
INSERT INTO PokemonSpecies VALUES(38, 'ninetales', 'fire', NULL, 37) 
INSERT INTO PokemonSpecies VALUES(39, 'jigglypuff', 'normal', 'fairy', 174) 
INSERT INTO PokemonSpecies VALUES(40, 'wigglytuff', 'normal', 'fairy', 39) 
INSERT INTO PokemonSpecies VALUES(41, 'zubat', 'poison', 'flying', NULL) 
INSERT INTO PokemonSpecies VALUES(42, 'golbat', 'poison', 'flying', 41) 
INSERT INTO PokemonSpecies VALUES(43, 'oddish', 'grass', 'poison', NULL) 
INSERT INTO PokemonSpecies VALUES(44, 'gloom', 'grass', 'poison', 43) 
INSERT INTO PokemonSpecies VALUES(45, 'vileplume', 'grass', 'poison', 44) 
INSERT INTO PokemonSpecies VALUES(46, 'paras', 'bug', 'grass', NULL) 
INSERT INTO PokemonSpecies VALUES(47, 'parasect', 'bug', 'grass', 46) 
INSERT INTO PokemonSpecies VALUES(48, 'venonat', 'bug', 'poison', NULL) 
INSERT INTO PokemonSpecies VALUES(49, 'venomoth', 'bug', 'poison', 48) 
INSERT INTO PokemonSpecies VALUES(50, 'diglett', 'ground', NULL, NULL) 
INSERT INTO PokemonSpecies VALUES(51, 'dugtrio', 'ground', NULL, 50) 
INSERT INTO PokemonSpecies VALUES(52, 'meowth', 'normal', NULL, NULL) 
INSERT INTO PokemonSpecies VALUES(53, 'persian', 'normal', NULL, 52) 
INSERT INTO PokemonSpecies VALUES(54, 'psyduck', 'water', NULL, NULL) 
INSERT INTO PokemonSpecies VALUES(55, 'golduck', 'water', NULL, 54) 
INSERT INTO PokemonSpecies VALUES(56, 'mankey', 'fighting', NULL, NULL) 
INSERT INTO PokemonSpecies VALUES(57, 'primeape', 'fighting', NULL, 56) 
INSERT INTO PokemonSpecies VALUES(58, 'growlithe', 'fire', NULL, NULL) 
INSERT INTO PokemonSpecies VALUES(59, 'arcanine', 'fire', NULL, 58) 
INSERT INTO PokemonSpecies VALUES(60, 'poliwag', 'water', NULL, NULL) 
INSERT INTO PokemonSpecies VALUES(61, 'poliwhirl', 'water', NULL, 60) 
INSERT INTO PokemonSpecies VALUES(62, 'poliwrath', 'water', 'fighting', 61) 
INSERT INTO PokemonSpecies VALUES(63, 'abra', 'psychic', NULL, NULL) 
INSERT INTO PokemonSpecies VALUES(64, 'kadabra', 'psychic', NULL, 63) 
INSERT INTO PokemonSpecies VALUES(65, 'alakazam', 'psychic', NULL, 64) 
INSERT INTO PokemonSpecies VALUES(66, 'machop', 'fighting', NULL, NULL) 
INSERT INTO PokemonSpecies VALUES(67, 'machoke', 'fighting', NULL, 66) 
INSERT INTO PokemonSpecies VALUES(68, 'machamp', 'fighting', NULL, 67) 
INSERT INTO PokemonSpecies VALUES(69, 'bellsprout', 'grass', 'poison', NULL) 
INSERT INTO PokemonSpecies VALUES(70, 'weepinbell', 'grass', 'poison', 69) 
INSERT INTO PokemonSpecies VALUES(71, 'victreebel', 'grass', 'poison', 70) 
INSERT INTO PokemonSpecies VALUES(72, 'tentacool', 'water', 'poison', NULL) 
INSERT INTO PokemonSpecies VALUES(73, 'tentacruel', 'water', 'poison', 72) 
INSERT INTO PokemonSpecies VALUES(74, 'geodude', 'rock', 'ground', NULL) 
INSERT INTO PokemonSpecies VALUES(75, 'graveler', 'rock', 'ground', 74) 
INSERT INTO PokemonSpecies VALUES(76, 'golem', 'rock', 'ground', 75) 
INSERT INTO PokemonSpecies VALUES(77, 'ponyta', 'fire', NULL, NULL) 
INSERT INTO PokemonSpecies VALUES(78, 'rapidash', 'fire', NULL, 77) 
INSERT INTO PokemonSpecies VALUES(79, 'slowpoke', 'water', 'psychic', NULL) 
INSERT INTO PokemonSpecies VALUES(80, 'slowbro', 'water', 'psychic', 79) 
INSERT INTO PokemonSpecies VALUES(81, 'magnemite', 'electric', 'steel', NULL) 
INSERT INTO PokemonSpecies VALUES(82, 'magneton', 'electric', 'steel', 81) 
INSERT INTO PokemonSpecies VALUES(83, 'farfetchd', 'normal', 'flying', NULL) 
INSERT INTO PokemonSpecies VALUES(84, 'doduo', 'normal', 'flying', NULL) 
INSERT INTO PokemonSpecies VALUES(85, 'dodrio', 'normal', 'flying', 84) 
INSERT INTO PokemonSpecies VALUES(86, 'seel', 'water', NULL, NULL) 
INSERT INTO PokemonSpecies VALUES(87, 'dewgong', 'water', 'ice', 86) 
INSERT INTO PokemonSpecies VALUES(88, 'grimer', 'poison', NULL, NULL) 
INSERT INTO PokemonSpecies VALUES(89, 'muk', 'poison', NULL, 88) 
INSERT INTO PokemonSpecies VALUES(90, 'shellder', 'water', NULL, NULL) 
INSERT INTO PokemonSpecies VALUES(91, 'cloyster', 'water', 'ice', 90) 
INSERT INTO PokemonSpecies VALUES(92, 'gastly', 'ghost', 'poison', NULL) 
INSERT INTO PokemonSpecies VALUES(93, 'haunter', 'ghost', 'poison', 92) 
INSERT INTO PokemonSpecies VALUES(94, 'gengar', 'ghost', 'poison', 93) 
INSERT INTO PokemonSpecies VALUES(95, 'onix', 'rock', 'ground', NULL) 
INSERT INTO PokemonSpecies VALUES(96, 'drowzee', 'psychic', NULL, NULL) 
INSERT INTO PokemonSpecies VALUES(97, 'hypno', 'psychic', NULL, 96) 
INSERT INTO PokemonSpecies VALUES(98, 'krabby', 'water', NULL, NULL) 
INSERT INTO PokemonSpecies VALUES(99, 'kingler', 'water', NULL, 98) 
INSERT INTO PokemonSpecies VALUES(100, 'voltorb', 'electric', NULL, NULL) 
INSERT INTO PokemonSpecies VALUES(101, 'electrode', 'electric', NULL, 100) 
INSERT INTO PokemonSpecies VALUES(102, 'exeggcute', 'grass', 'psychic', NULL) 
INSERT INTO PokemonSpecies VALUES(103, 'exeggutor', 'grass', 'psychic', 102) 
INSERT INTO PokemonSpecies VALUES(104, 'cubone', 'ground', NULL, NULL) 
INSERT INTO PokemonSpecies VALUES(105, 'marowak', 'ground', NULL, 104) 
INSERT INTO PokemonSpecies VALUES(106, 'hitmonlee', 'fighting', NULL, 236) 
INSERT INTO PokemonSpecies VALUES(107, 'hitmonchan', 'fighting', NULL, 236) 
INSERT INTO PokemonSpecies VALUES(108, 'lickitung', 'normal', NULL, NULL) 
INSERT INTO PokemonSpecies VALUES(109, 'koffing', 'poison', NULL, NULL) 
INSERT INTO PokemonSpecies VALUES(110, 'weezing', 'poison', NULL, 109) 
INSERT INTO PokemonSpecies VALUES(111, 'rhyhorn', 'ground', 'rock', NULL) 
INSERT INTO PokemonSpecies VALUES(112, 'rhydon', 'ground', 'rock', 111) 
INSERT INTO PokemonSpecies VALUES(113, 'chansey', 'normal', NULL, 440) 
INSERT INTO PokemonSpecies VALUES(114, 'tangela', 'grass', NULL, NULL) 
INSERT INTO PokemonSpecies VALUES(115, 'kangaskhan', 'normal', NULL, NULL) 
INSERT INTO PokemonSpecies VALUES(116, 'horsea', 'water', NULL, NULL) 
INSERT INTO PokemonSpecies VALUES(117, 'seadra', 'water', NULL, 116) 
INSERT INTO PokemonSpecies VALUES(118, 'goldeen', 'water', NULL, NULL) 
INSERT INTO PokemonSpecies VALUES(119, 'seaking', 'water', NULL, 118) 
INSERT INTO PokemonSpecies VALUES(120, 'staryu', 'water', NULL, NULL) 
INSERT INTO PokemonSpecies VALUES(121, 'starmie', 'water', 'psychic', 120) 
INSERT INTO PokemonSpecies VALUES(122, 'mr-mime', 'psychic', 'fairy', 439) 
INSERT INTO PokemonSpecies VALUES(123, 'scyther', 'bug', 'flying', NULL) 
INSERT INTO PokemonSpecies VALUES(124, 'jynx', 'ice', 'psychic', 238) 
INSERT INTO PokemonSpecies VALUES(125, 'electabuzz', 'electric', NULL, 239) 
INSERT INTO PokemonSpecies VALUES(126, 'magmar', 'fire', NULL, 240) 
INSERT INTO PokemonSpecies VALUES(127, 'pinsir', 'bug', NULL, NULL) 
INSERT INTO PokemonSpecies VALUES(128, 'tauros', 'normal', NULL, NULL) 
INSERT INTO PokemonSpecies VALUES(129, 'magikarp', 'water', NULL, NULL) 
INSERT INTO PokemonSpecies VALUES(130, 'gyarados', 'water', 'flying', 129) 
INSERT INTO PokemonSpecies VALUES(131, 'lapras', 'water', 'ice', NULL) 
INSERT INTO PokemonSpecies VALUES(132, 'ditto', 'normal', NULL, NULL) 
INSERT INTO PokemonSpecies VALUES(133, 'eevee', 'normal', NULL, NULL) 
INSERT INTO PokemonSpecies VALUES(134, 'vaporeon', 'water', NULL, 133) 
INSERT INTO PokemonSpecies VALUES(135, 'jolteon', 'electric', NULL, 133) 
INSERT INTO PokemonSpecies VALUES(136, 'flareon', 'fire', NULL, 133) 
INSERT INTO PokemonSpecies VALUES(137, 'porygon', 'normal', NULL, NULL) 
INSERT INTO PokemonSpecies VALUES(138, 'omanyte', 'rock', 'water', NULL) 
INSERT INTO PokemonSpecies VALUES(139, 'omastar', 'rock', 'water', 138) 
INSERT INTO PokemonSpecies VALUES(140, 'kabuto', 'rock', 'water', NULL) 
INSERT INTO PokemonSpecies VALUES(141, 'kabutops', 'rock', 'water', 140) 
INSERT INTO PokemonSpecies VALUES(142, 'aerodactyl', 'rock', 'flying', NULL) 
INSERT INTO PokemonSpecies VALUES(143, 'snorlax', 'normal', NULL, 446) 
INSERT INTO PokemonSpecies VALUES(144, 'articuno', 'ice', 'flying', NULL) 
INSERT INTO PokemonSpecies VALUES(145, 'zapdos', 'electric', 'flying', NULL) 
INSERT INTO PokemonSpecies VALUES(146, 'moltres', 'fire', 'flying', NULL) 
INSERT INTO PokemonSpecies VALUES(147, 'dratini', 'dragon', NULL, NULL) 
INSERT INTO PokemonSpecies VALUES(148, 'dragonair', 'dragon', NULL, 147) 
INSERT INTO PokemonSpecies VALUES(149, 'dragonite', 'dragon', 'flying', 148) 
INSERT INTO PokemonSpecies VALUES(150, 'mewtwo', 'psychic', NULL, NULL) 
INSERT INTO PokemonSpecies VALUES(151, 'mew', 'psychic', NULL, NULL) 
INSERT INTO PokemonSpecies VALUES(152, 'chikorita', 'grass', NULL, NULL) 
INSERT INTO PokemonSpecies VALUES(153, 'bayleef', 'grass', NULL, 152) 
INSERT INTO PokemonSpecies VALUES(154, 'meganium', 'grass', NULL, 153) 
INSERT INTO PokemonSpecies VALUES(155, 'cyndaquil', 'fire', NULL, NULL) 
INSERT INTO PokemonSpecies VALUES(156, 'quilava', 'fire', NULL, 155) 
INSERT INTO PokemonSpecies VALUES(157, 'typhlosion', 'fire', NULL, 156) 
INSERT INTO PokemonSpecies VALUES(158, 'totodile', 'water', NULL, NULL) 
INSERT INTO PokemonSpecies VALUES(159, 'croconaw', 'water', NULL, 158) 
INSERT INTO PokemonSpecies VALUES(160, 'feraligatr', 'water', NULL, 159) 
INSERT INTO PokemonSpecies VALUES(161, 'sentret', 'normal', NULL, NULL) 
INSERT INTO PokemonSpecies VALUES(162, 'furret', 'normal', NULL, 161) 
INSERT INTO PokemonSpecies VALUES(163, 'hoothoot', 'normal', 'flying', NULL) 
INSERT INTO PokemonSpecies VALUES(164, 'noctowl', 'normal', 'flying', 163) 
INSERT INTO PokemonSpecies VALUES(165, 'ledyba', 'bug', 'flying', NULL) 
INSERT INTO PokemonSpecies VALUES(166, 'ledian', 'bug', 'flying', 165) 
INSERT INTO PokemonSpecies VALUES(167, 'spinarak', 'bug', 'poison', NULL) 
INSERT INTO PokemonSpecies VALUES(168, 'ariados', 'bug', 'poison', 167) 
INSERT INTO PokemonSpecies VALUES(169, 'crobat', 'poison', 'flying', 42) 
INSERT INTO PokemonSpecies VALUES(170, 'chinchou', 'water', 'electric', NULL) 
INSERT INTO PokemonSpecies VALUES(171, 'lanturn', 'water', 'electric', 170) 
INSERT INTO PokemonSpecies VALUES(172, 'pichu', 'electric', NULL, NULL) 
INSERT INTO PokemonSpecies VALUES(173, 'cleffa', 'fairy', NULL, NULL) 
INSERT INTO PokemonSpecies VALUES(174, 'igglybuff', 'normal', 'fairy', NULL) 
INSERT INTO PokemonSpecies VALUES(175, 'togepi', 'fairy', NULL, NULL) 
INSERT INTO PokemonSpecies VALUES(176, 'togetic', 'fairy', 'flying', 175) 
INSERT INTO PokemonSpecies VALUES(177, 'natu', 'psychic', 'flying', NULL) 
INSERT INTO PokemonSpecies VALUES(178, 'xatu', 'psychic', 'flying', 177) 
INSERT INTO PokemonSpecies VALUES(179, 'mareep', 'electric', NULL, NULL) 
INSERT INTO PokemonSpecies VALUES(180, 'flaaffy', 'electric', NULL, 179) 
INSERT INTO PokemonSpecies VALUES(181, 'ampharos', 'electric', NULL, 180) 
INSERT INTO PokemonSpecies VALUES(182, 'bellossom', 'grass', NULL, 44) 
INSERT INTO PokemonSpecies VALUES(183, 'marill', 'water', 'fairy', 298) 
INSERT INTO PokemonSpecies VALUES(184, 'azumarill', 'water', 'fairy', 183) 
INSERT INTO PokemonSpecies VALUES(185, 'sudowoodo', 'rock', NULL, 438) 
INSERT INTO PokemonSpecies VALUES(186, 'politoed', 'water', NULL, 61) 
INSERT INTO PokemonSpecies VALUES(187, 'hoppip', 'grass', 'flying', NULL) 
INSERT INTO PokemonSpecies VALUES(188, 'skiploom', 'grass', 'flying', 187) 
INSERT INTO PokemonSpecies VALUES(189, 'jumpluff', 'grass', 'flying', 188) 
INSERT INTO PokemonSpecies VALUES(190, 'aipom', 'normal', NULL, NULL) 
INSERT INTO PokemonSpecies VALUES(191, 'sunkern', 'grass', NULL, NULL) 
INSERT INTO PokemonSpecies VALUES(192, 'sunflora', 'grass', NULL, 191) 
INSERT INTO PokemonSpecies VALUES(193, 'yanma', 'bug', 'flying', NULL) 
INSERT INTO PokemonSpecies VALUES(194, 'wooper', 'water', 'ground', NULL) 
INSERT INTO PokemonSpecies VALUES(195, 'quagsire', 'water', 'ground', 194) 
INSERT INTO PokemonSpecies VALUES(196, 'espeon', 'psychic', NULL, 133) 
INSERT INTO PokemonSpecies VALUES(197, 'umbreon', 'dark', NULL, 133) 
INSERT INTO PokemonSpecies VALUES(198, 'murkrow', 'dark', 'flying', NULL) 
INSERT INTO PokemonSpecies VALUES(199, 'slowking', 'water', 'psychic', 79) 
INSERT INTO PokemonSpecies VALUES(200, 'misdreavus', 'ghost', NULL, NULL) 
INSERT INTO PokemonSpecies VALUES(201, 'unown', 'psychic', NULL, NULL) 
INSERT INTO PokemonSpecies VALUES(202, 'wobbuffet', 'psychic', NULL, 360) 
INSERT INTO PokemonSpecies VALUES(203, 'girafarig', 'normal', 'psychic', NULL) 
INSERT INTO PokemonSpecies VALUES(204, 'pineco', 'bug', NULL, NULL) 
INSERT INTO PokemonSpecies VALUES(205, 'forretress', 'bug', 'steel', 204) 
INSERT INTO PokemonSpecies VALUES(206, 'dunsparce', 'normal', NULL, NULL) 
INSERT INTO PokemonSpecies VALUES(207, 'gligar', 'ground', 'flying', NULL) 
INSERT INTO PokemonSpecies VALUES(208, 'steelix', 'steel', 'ground', 95) 
INSERT INTO PokemonSpecies VALUES(209, 'snubbull', 'fairy', NULL, NULL) 
INSERT INTO PokemonSpecies VALUES(210, 'granbull', 'fairy', NULL, 209) 
INSERT INTO PokemonSpecies VALUES(211, 'qwilfish', 'water', 'poison', NULL) 
INSERT INTO PokemonSpecies VALUES(212, 'scizor', 'bug', 'steel', 123) 
INSERT INTO PokemonSpecies VALUES(213, 'shuckle', 'bug', 'rock', NULL) 
INSERT INTO PokemonSpecies VALUES(214, 'heracross', 'bug', 'fighting', NULL) 
INSERT INTO PokemonSpecies VALUES(215, 'sneasel', 'dark', 'ice', NULL) 
INSERT INTO PokemonSpecies VALUES(216, 'teddiursa', 'normal', NULL, NULL) 
INSERT INTO PokemonSpecies VALUES(217, 'ursaring', 'normal', NULL, 216) 
INSERT INTO PokemonSpecies VALUES(218, 'slugma', 'fire', NULL, NULL) 
INSERT INTO PokemonSpecies VALUES(219, 'magcargo', 'fire', 'rock', 218) 
INSERT INTO PokemonSpecies VALUES(220, 'swinub', 'ice', 'ground', NULL) 
INSERT INTO PokemonSpecies VALUES(221, 'piloswine', 'ice', 'ground', 220) 
INSERT INTO PokemonSpecies VALUES(222, 'corsola', 'water', 'rock', NULL) 
INSERT INTO PokemonSpecies VALUES(223, 'remoraid', 'water', NULL, NULL) 
INSERT INTO PokemonSpecies VALUES(224, 'octillery', 'water', NULL, 223) 
INSERT INTO PokemonSpecies VALUES(225, 'delibird', 'ice', 'flying', NULL) 
INSERT INTO PokemonSpecies VALUES(226, 'mantine', 'water', 'flying', 458) 
INSERT INTO PokemonSpecies VALUES(227, 'skarmory', 'steel', 'flying', NULL) 
INSERT INTO PokemonSpecies VALUES(228, 'houndour', 'dark', 'fire', NULL) 
INSERT INTO PokemonSpecies VALUES(229, 'houndoom', 'dark', 'fire', 228) 
INSERT INTO PokemonSpecies VALUES(230, 'kingdra', 'water', 'dragon', 117) 
INSERT INTO PokemonSpecies VALUES(231, 'phanpy', 'ground', NULL, NULL) 
INSERT INTO PokemonSpecies VALUES(232, 'donphan', 'ground', NULL, 231) 
INSERT INTO PokemonSpecies VALUES(233, 'porygon2', 'normal', NULL, 137) 
INSERT INTO PokemonSpecies VALUES(234, 'stantler', 'normal', NULL, NULL) 
INSERT INTO PokemonSpecies VALUES(235, 'smeargle', 'normal', NULL, NULL) 
INSERT INTO PokemonSpecies VALUES(236, 'tyrogue', 'fighting', NULL, NULL) 
INSERT INTO PokemonSpecies VALUES(237, 'hitmontop', 'fighting', NULL, 236) 
INSERT INTO PokemonSpecies VALUES(238, 'smoochum', 'ice', 'psychic', NULL) 
INSERT INTO PokemonSpecies VALUES(239, 'elekid', 'electric', NULL, NULL) 
INSERT INTO PokemonSpecies VALUES(240, 'magby', 'fire', NULL, NULL) 
INSERT INTO PokemonSpecies VALUES(241, 'miltank', 'normal', NULL, NULL) 
INSERT INTO PokemonSpecies VALUES(242, 'blissey', 'normal', NULL, 113) 
INSERT INTO PokemonSpecies VALUES(243, 'raikou', 'electric', NULL, NULL) 
INSERT INTO PokemonSpecies VALUES(244, 'entei', 'fire', NULL, NULL) 
INSERT INTO PokemonSpecies VALUES(245, 'suicune', 'water', NULL, NULL) 
INSERT INTO PokemonSpecies VALUES(246, 'larvitar', 'rock', 'ground', NULL) 
INSERT INTO PokemonSpecies VALUES(247, 'pupitar', 'rock', 'ground', 246) 
INSERT INTO PokemonSpecies VALUES(248, 'tyranitar', 'rock', 'dark', 247) 
INSERT INTO PokemonSpecies VALUES(249, 'lugia', 'psychic', 'flying', NULL) 
INSERT INTO PokemonSpecies VALUES(250, 'ho-oh', 'fire', 'flying', NULL) 
INSERT INTO PokemonSpecies VALUES(251, 'celebi', 'psychic', 'grass', NULL) 
INSERT INTO PokemonSpecies VALUES(252, 'treecko', 'grass', NULL, NULL) 
INSERT INTO PokemonSpecies VALUES(253, 'grovyle', 'grass', NULL, 252) 
INSERT INTO PokemonSpecies VALUES(254, 'sceptile', 'grass', NULL, 253) 
INSERT INTO PokemonSpecies VALUES(255, 'torchic', 'fire', NULL, NULL) 
INSERT INTO PokemonSpecies VALUES(256, 'combusken', 'fire', 'fighting', 255) 
INSERT INTO PokemonSpecies VALUES(257, 'blaziken', 'fire', 'fighting', 256) 
INSERT INTO PokemonSpecies VALUES(258, 'mudkip', 'water', NULL, NULL) 
INSERT INTO PokemonSpecies VALUES(259, 'marshtomp', 'water', 'ground', 258) 
INSERT INTO PokemonSpecies VALUES(260, 'swampert', 'water', 'ground', 259) 
INSERT INTO PokemonSpecies VALUES(261, 'poochyena', 'dark', NULL, NULL) 
INSERT INTO PokemonSpecies VALUES(262, 'mightyena', 'dark', NULL, 261) 
INSERT INTO PokemonSpecies VALUES(263, 'zigzagoon', 'normal', NULL, NULL) 
INSERT INTO PokemonSpecies VALUES(264, 'linoone', 'normal', NULL, 263) 
INSERT INTO PokemonSpecies VALUES(265, 'wurmple', 'bug', NULL, NULL) 
INSERT INTO PokemonSpecies VALUES(266, 'silcoon', 'bug', NULL, 265) 
INSERT INTO PokemonSpecies VALUES(267, 'beautifly', 'bug', 'flying', 266) 
INSERT INTO PokemonSpecies VALUES(268, 'cascoon', 'bug', NULL, 265) 
INSERT INTO PokemonSpecies VALUES(269, 'dustox', 'bug', 'poison', 268) 
INSERT INTO PokemonSpecies VALUES(270, 'lotad', 'water', 'grass', NULL) 
INSERT INTO PokemonSpecies VALUES(271, 'lombre', 'water', 'grass', 270) 
INSERT INTO PokemonSpecies VALUES(272, 'ludicolo', 'water', 'grass', 271) 
INSERT INTO PokemonSpecies VALUES(273, 'seedot', 'grass', NULL, NULL) 
INSERT INTO PokemonSpecies VALUES(274, 'nuzleaf', 'grass', 'dark', 273) 
INSERT INTO PokemonSpecies VALUES(275, 'shiftry', 'grass', 'dark', 274) 
INSERT INTO PokemonSpecies VALUES(276, 'taillow', 'normal', 'flying', NULL) 
INSERT INTO PokemonSpecies VALUES(277, 'swellow', 'normal', 'flying', 276) 
INSERT INTO PokemonSpecies VALUES(278, 'wingull', 'water', 'flying', NULL) 
INSERT INTO PokemonSpecies VALUES(279, 'pelipper', 'water', 'flying', 278) 
INSERT INTO PokemonSpecies VALUES(280, 'ralts', 'psychic', 'fairy', NULL) 
INSERT INTO PokemonSpecies VALUES(281, 'kirlia', 'psychic', 'fairy', 280) 
INSERT INTO PokemonSpecies VALUES(282, 'gardevoir', 'psychic', 'fairy', 281) 
INSERT INTO PokemonSpecies VALUES(283, 'surskit', 'bug', 'water', NULL) 
INSERT INTO PokemonSpecies VALUES(284, 'masquerain', 'bug', 'flying', 283) 
INSERT INTO PokemonSpecies VALUES(285, 'shroomish', 'grass', NULL, NULL) 
INSERT INTO PokemonSpecies VALUES(286, 'breloom', 'grass', 'fighting', 285) 
INSERT INTO PokemonSpecies VALUES(287, 'slakoth', 'normal', NULL, NULL) 
INSERT INTO PokemonSpecies VALUES(288, 'vigoroth', 'normal', NULL, 287) 
INSERT INTO PokemonSpecies VALUES(289, 'slaking', 'normal', NULL, 288) 
INSERT INTO PokemonSpecies VALUES(290, 'nincada', 'bug', 'ground', NULL) 
INSERT INTO PokemonSpecies VALUES(291, 'ninjask', 'bug', 'flying', 290) 
INSERT INTO PokemonSpecies VALUES(292, 'shedinja', 'bug', 'ghost', 290) 
INSERT INTO PokemonSpecies VALUES(293, 'whismur', 'normal', NULL, NULL) 
INSERT INTO PokemonSpecies VALUES(294, 'loudred', 'normal', NULL, 293) 
INSERT INTO PokemonSpecies VALUES(295, 'exploud', 'normal', NULL, 294) 
INSERT INTO PokemonSpecies VALUES(296, 'makuhita', 'fighting', NULL, NULL) 
INSERT INTO PokemonSpecies VALUES(297, 'hariyama', 'fighting', NULL, 296) 
INSERT INTO PokemonSpecies VALUES(298, 'azurill', 'normal', 'fairy', NULL) 
INSERT INTO PokemonSpecies VALUES(299, 'nosepass', 'rock', NULL, NULL) 
INSERT INTO PokemonSpecies VALUES(300, 'skitty', 'normal', NULL, NULL) 
INSERT INTO PokemonSpecies VALUES(301, 'delcatty', 'normal', NULL, 300) 
INSERT INTO PokemonSpecies VALUES(302, 'sableye', 'dark', 'ghost', NULL) 
INSERT INTO PokemonSpecies VALUES(303, 'mawile', 'steel', 'fairy', NULL) 
INSERT INTO PokemonSpecies VALUES(304, 'aron', 'steel', 'rock', NULL) 
INSERT INTO PokemonSpecies VALUES(305, 'lairon', 'steel', 'rock', 304) 
INSERT INTO PokemonSpecies VALUES(306, 'aggron', 'steel', 'rock', 305) 
INSERT INTO PokemonSpecies VALUES(307, 'meditite', 'fighting', 'psychic', NULL) 
INSERT INTO PokemonSpecies VALUES(308, 'medicham', 'fighting', 'psychic', 307) 
INSERT INTO PokemonSpecies VALUES(309, 'electrike', 'electric', NULL, NULL) 
INSERT INTO PokemonSpecies VALUES(310, 'manectric', 'electric', NULL, 309) 
INSERT INTO PokemonSpecies VALUES(311, 'plusle', 'electric', NULL, NULL) 
INSERT INTO PokemonSpecies VALUES(312, 'minun', 'electric', NULL, NULL) 
INSERT INTO PokemonSpecies VALUES(313, 'volbeat', 'bug', NULL, NULL) 
INSERT INTO PokemonSpecies VALUES(314, 'illumise', 'bug', NULL, NULL) 
INSERT INTO PokemonSpecies VALUES(315, 'roselia', 'grass', 'poison', 406) 
INSERT INTO PokemonSpecies VALUES(316, 'gulpin', 'poison', NULL, NULL) 
INSERT INTO PokemonSpecies VALUES(317, 'swalot', 'poison', NULL, 316) 
INSERT INTO PokemonSpecies VALUES(318, 'carvanha', 'water', 'dark', NULL) 
INSERT INTO PokemonSpecies VALUES(319, 'sharpedo', 'water', 'dark', 318) 
INSERT INTO PokemonSpecies VALUES(320, 'wailmer', 'water', NULL, NULL) 
INSERT INTO PokemonSpecies VALUES(321, 'wailord', 'water', NULL, 320) 
INSERT INTO PokemonSpecies VALUES(322, 'numel', 'fire', 'ground', NULL) 
INSERT INTO PokemonSpecies VALUES(323, 'camerupt', 'fire', 'ground', 322) 
INSERT INTO PokemonSpecies VALUES(324, 'torkoal', 'fire', NULL, NULL) 
INSERT INTO PokemonSpecies VALUES(325, 'spoink', 'psychic', NULL, NULL) 
INSERT INTO PokemonSpecies VALUES(326, 'grumpig', 'psychic', NULL, 325) 
INSERT INTO PokemonSpecies VALUES(327, 'spinda', 'normal', NULL, NULL) 
INSERT INTO PokemonSpecies VALUES(328, 'trapinch', 'ground', NULL, NULL) 
INSERT INTO PokemonSpecies VALUES(329, 'vibrava', 'ground', 'dragon', 328) 
INSERT INTO PokemonSpecies VALUES(330, 'flygon', 'ground', 'dragon', 329) 
INSERT INTO PokemonSpecies VALUES(331, 'cacnea', 'grass', NULL, NULL) 
INSERT INTO PokemonSpecies VALUES(332, 'cacturne', 'grass', 'dark', 331) 
INSERT INTO PokemonSpecies VALUES(333, 'swablu', 'normal', 'flying', NULL) 
INSERT INTO PokemonSpecies VALUES(334, 'altaria', 'dragon', 'flying', 333) 
INSERT INTO PokemonSpecies VALUES(335, 'zangoose', 'normal', NULL, NULL) 
INSERT INTO PokemonSpecies VALUES(336, 'seviper', 'poison', NULL, NULL) 
INSERT INTO PokemonSpecies VALUES(337, 'lunatone', 'rock', 'psychic', NULL) 
INSERT INTO PokemonSpecies VALUES(338, 'solrock', 'rock', 'psychic', NULL) 
INSERT INTO PokemonSpecies VALUES(339, 'barboach', 'water', 'ground', NULL) 
INSERT INTO PokemonSpecies VALUES(340, 'whiscash', 'water', 'ground', 339) 
INSERT INTO PokemonSpecies VALUES(341, 'corphish', 'water', NULL, NULL) 
INSERT INTO PokemonSpecies VALUES(342, 'crawdaunt', 'water', 'dark', 341) 
INSERT INTO PokemonSpecies VALUES(343, 'baltoy', 'ground', 'psychic', NULL) 
INSERT INTO PokemonSpecies VALUES(344, 'claydol', 'ground', 'psychic', 343) 
INSERT INTO PokemonSpecies VALUES(345, 'lileep', 'rock', 'grass', NULL) 
INSERT INTO PokemonSpecies VALUES(346, 'cradily', 'rock', 'grass', 345) 
INSERT INTO PokemonSpecies VALUES(347, 'anorith', 'rock', 'bug', NULL) 
INSERT INTO PokemonSpecies VALUES(348, 'armaldo', 'rock', 'bug', 347) 
INSERT INTO PokemonSpecies VALUES(349, 'feebas', 'water', NULL, NULL) 
INSERT INTO PokemonSpecies VALUES(350, 'milotic', 'water', NULL, 349) 
INSERT INTO PokemonSpecies VALUES(351, 'castform', 'normal', NULL, NULL) 
INSERT INTO PokemonSpecies VALUES(352, 'kecleon', 'normal', NULL, NULL) 
INSERT INTO PokemonSpecies VALUES(353, 'shuppet', 'ghost', NULL, NULL) 
INSERT INTO PokemonSpecies VALUES(354, 'banette', 'ghost', NULL, 353) 
INSERT INTO PokemonSpecies VALUES(355, 'duskull', 'ghost', NULL, NULL) 
INSERT INTO PokemonSpecies VALUES(356, 'dusclops', 'ghost', NULL, 355) 
INSERT INTO PokemonSpecies VALUES(357, 'tropius', 'grass', 'flying', NULL) 
INSERT INTO PokemonSpecies VALUES(358, 'chimecho', 'psychic', NULL, 433) 
INSERT INTO PokemonSpecies VALUES(359, 'absol', 'dark', NULL, NULL) 
INSERT INTO PokemonSpecies VALUES(360, 'wynaut', 'psychic', NULL, NULL) 
INSERT INTO PokemonSpecies VALUES(361, 'snorunt', 'ice', NULL, NULL) 
INSERT INTO PokemonSpecies VALUES(362, 'glalie', 'ice', NULL, 361) 
INSERT INTO PokemonSpecies VALUES(363, 'spheal', 'ice', 'water', NULL) 
INSERT INTO PokemonSpecies VALUES(364, 'sealeo', 'ice', 'water', 363) 
INSERT INTO PokemonSpecies VALUES(365, 'walrein', 'ice', 'water', 364) 
INSERT INTO PokemonSpecies VALUES(366, 'clamperl', 'water', NULL, NULL) 
INSERT INTO PokemonSpecies VALUES(367, 'huntail', 'water', NULL, 366) 
INSERT INTO PokemonSpecies VALUES(368, 'gorebyss', 'water', NULL, 366) 
INSERT INTO PokemonSpecies VALUES(369, 'relicanth', 'water', 'rock', NULL) 
INSERT INTO PokemonSpecies VALUES(370, 'luvdisc', 'water', NULL, NULL) 
INSERT INTO PokemonSpecies VALUES(371, 'bagon', 'dragon', NULL, NULL) 
INSERT INTO PokemonSpecies VALUES(372, 'shelgon', 'dragon', NULL, 371) 
INSERT INTO PokemonSpecies VALUES(373, 'salamence', 'dragon', 'flying', 372) 
INSERT INTO PokemonSpecies VALUES(374, 'beldum', 'steel', 'psychic', NULL) 
INSERT INTO PokemonSpecies VALUES(375, 'metang', 'steel', 'psychic', 374) 
INSERT INTO PokemonSpecies VALUES(376, 'metagross', 'steel', 'psychic', 375) 
INSERT INTO PokemonSpecies VALUES(377, 'regirock', 'rock', NULL, NULL) 
INSERT INTO PokemonSpecies VALUES(378, 'regice', 'ice', NULL, NULL) 
INSERT INTO PokemonSpecies VALUES(379, 'registeel', 'steel', NULL, NULL) 
INSERT INTO PokemonSpecies VALUES(380, 'latias', 'dragon', 'psychic', NULL) 
INSERT INTO PokemonSpecies VALUES(381, 'latios', 'dragon', 'psychic', NULL) 
INSERT INTO PokemonSpecies VALUES(382, 'kyogre', 'water', NULL, NULL) 
INSERT INTO PokemonSpecies VALUES(383, 'groudon', 'ground', NULL, NULL) 
INSERT INTO PokemonSpecies VALUES(384, 'rayquaza', 'dragon', 'flying', NULL) 
INSERT INTO PokemonSpecies VALUES(385, 'jirachi', 'steel', 'psychic', NULL) 
INSERT INTO PokemonSpecies VALUES(386, 'deoxys-normal', 'psychic', NULL, NULL) 
INSERT INTO PokemonSpecies VALUES(387, 'turtwig', 'grass', NULL, NULL) 
INSERT INTO PokemonSpecies VALUES(388, 'grotle', 'grass', NULL, 387) 
INSERT INTO PokemonSpecies VALUES(389, 'torterra', 'grass', 'ground', 388) 
INSERT INTO PokemonSpecies VALUES(390, 'chimchar', 'fire', NULL, NULL) 
INSERT INTO PokemonSpecies VALUES(391, 'monferno', 'fire', 'fighting', 390) 
INSERT INTO PokemonSpecies VALUES(392, 'infernape', 'fire', 'fighting', 391) 
INSERT INTO PokemonSpecies VALUES(393, 'piplup', 'water', NULL, NULL) 
INSERT INTO PokemonSpecies VALUES(394, 'prinplup', 'water', NULL, 393) 
INSERT INTO PokemonSpecies VALUES(395, 'empoleon', 'water', 'steel', 394) 
INSERT INTO PokemonSpecies VALUES(396, 'starly', 'normal', 'flying', NULL) 
INSERT INTO PokemonSpecies VALUES(397, 'staravia', 'normal', 'flying', 396) 
INSERT INTO PokemonSpecies VALUES(398, 'staraptor', 'normal', 'flying', 397) 
INSERT INTO PokemonSpecies VALUES(399, 'bidoof', 'normal', NULL, NULL) 
INSERT INTO PokemonSpecies VALUES(400, 'bibarel', 'normal', 'water', 399) 
INSERT INTO PokemonSpecies VALUES(401, 'kricketot', 'bug', NULL, NULL) 
INSERT INTO PokemonSpecies VALUES(402, 'kricketune', 'bug', NULL, 401) 
INSERT INTO PokemonSpecies VALUES(403, 'shinx', 'electric', NULL, NULL) 
INSERT INTO PokemonSpecies VALUES(404, 'luxio', 'electric', NULL, 403) 
INSERT INTO PokemonSpecies VALUES(405, 'luxray', 'electric', NULL, 404) 
INSERT INTO PokemonSpecies VALUES(406, 'budew', 'grass', 'poison', NULL) 
INSERT INTO PokemonSpecies VALUES(407, 'roserade', 'grass', 'poison', 315) 
INSERT INTO PokemonSpecies VALUES(408, 'cranidos', 'rock', NULL, NULL) 
INSERT INTO PokemonSpecies VALUES(409, 'rampardos', 'rock', NULL, 408) 
INSERT INTO PokemonSpecies VALUES(410, 'shieldon', 'rock', 'steel', NULL) 
INSERT INTO PokemonSpecies VALUES(411, 'bastiodon', 'rock', 'steel', 410) 
INSERT INTO PokemonSpecies VALUES(412, 'burmy', 'bug', NULL, NULL) 
INSERT INTO PokemonSpecies VALUES(413, 'wormadam-plant', 'bug', 'grass', 412) 
INSERT INTO PokemonSpecies VALUES(414, 'mothim', 'bug', 'flying', 412) 
INSERT INTO PokemonSpecies VALUES(415, 'combee', 'bug', 'flying', NULL) 
INSERT INTO PokemonSpecies VALUES(416, 'vespiquen', 'bug', 'flying', 415) 
INSERT INTO PokemonSpecies VALUES(417, 'pachirisu', 'electric', NULL, NULL) 
INSERT INTO PokemonSpecies VALUES(418, 'buizel', 'water', NULL, NULL) 
INSERT INTO PokemonSpecies VALUES(419, 'floatzel', 'water', NULL, 418) 
INSERT INTO PokemonSpecies VALUES(420, 'cherubi', 'grass', NULL, NULL) 
INSERT INTO PokemonSpecies VALUES(421, 'cherrim', 'grass', NULL, 420) 
INSERT INTO PokemonSpecies VALUES(422, 'shellos', 'water', NULL, NULL) 
INSERT INTO PokemonSpecies VALUES(423, 'gastrodon', 'water', 'ground', 422) 
INSERT INTO PokemonSpecies VALUES(424, 'ambipom', 'normal', NULL, 190) 
INSERT INTO PokemonSpecies VALUES(425, 'drifloon', 'ghost', 'flying', NULL) 
INSERT INTO PokemonSpecies VALUES(426, 'drifblim', 'ghost', 'flying', 425) 
INSERT INTO PokemonSpecies VALUES(427, 'buneary', 'normal', NULL, NULL) 
INSERT INTO PokemonSpecies VALUES(428, 'lopunny', 'normal', NULL, 427) 
INSERT INTO PokemonSpecies VALUES(429, 'mismagius', 'ghost', NULL, 200) 
INSERT INTO PokemonSpecies VALUES(430, 'honchkrow', 'dark', 'flying', 198) 
INSERT INTO PokemonSpecies VALUES(431, 'glameow', 'normal', NULL, NULL) 
INSERT INTO PokemonSpecies VALUES(432, 'purugly', 'normal', NULL, 431) 
INSERT INTO PokemonSpecies VALUES(433, 'chingling', 'psychic', NULL, NULL) 
INSERT INTO PokemonSpecies VALUES(434, 'stunky', 'poison', 'dark', NULL) 
INSERT INTO PokemonSpecies VALUES(435, 'skuntank', 'poison', 'dark', 434) 
INSERT INTO PokemonSpecies VALUES(436, 'bronzor', 'steel', 'psychic', NULL) 
INSERT INTO PokemonSpecies VALUES(437, 'bronzong', 'steel', 'psychic', 436) 
INSERT INTO PokemonSpecies VALUES(438, 'bonsly', 'rock', NULL, NULL) 
INSERT INTO PokemonSpecies VALUES(439, 'mime-jr', 'psychic', 'fairy', NULL) 
INSERT INTO PokemonSpecies VALUES(440, 'happiny', 'normal', NULL, NULL) 
INSERT INTO PokemonSpecies VALUES(441, 'chatot', 'normal', 'flying', NULL) 
INSERT INTO PokemonSpecies VALUES(442, 'spiritomb', 'ghost', 'dark', NULL) 
INSERT INTO PokemonSpecies VALUES(443, 'gible', 'dragon', 'ground', NULL) 
INSERT INTO PokemonSpecies VALUES(444, 'gabite', 'dragon', 'ground', 443) 
INSERT INTO PokemonSpecies VALUES(445, 'garchomp', 'dragon', 'ground', 444) 
INSERT INTO PokemonSpecies VALUES(446, 'munchlax', 'normal', NULL, NULL) 
INSERT INTO PokemonSpecies VALUES(447, 'riolu', 'fighting', NULL, NULL) 
INSERT INTO PokemonSpecies VALUES(448, 'lucario', 'fighting', 'steel', 447) 
INSERT INTO PokemonSpecies VALUES(449, 'hippopotas', 'ground', NULL, NULL) 
INSERT INTO PokemonSpecies VALUES(450, 'hippowdon', 'ground', NULL, 449) 
INSERT INTO PokemonSpecies VALUES(451, 'skorupi', 'poison', 'bug', NULL) 
INSERT INTO PokemonSpecies VALUES(452, 'drapion', 'poison', 'dark', 451) 
INSERT INTO PokemonSpecies VALUES(453, 'croagunk', 'poison', 'fighting', NULL) 
INSERT INTO PokemonSpecies VALUES(454, 'toxicroak', 'poison', 'fighting', 453) 
INSERT INTO PokemonSpecies VALUES(455, 'carnivine', 'grass', NULL, NULL) 
INSERT INTO PokemonSpecies VALUES(456, 'finneon', 'water', NULL, NULL) 
INSERT INTO PokemonSpecies VALUES(457, 'lumineon', 'water', NULL, 456) 
INSERT INTO PokemonSpecies VALUES(458, 'mantyke', 'water', 'flying', NULL) 
INSERT INTO PokemonSpecies VALUES(459, 'snover', 'grass', 'ice', NULL) 
INSERT INTO PokemonSpecies VALUES(460, 'abomasnow', 'grass', 'ice', 459) 
INSERT INTO PokemonSpecies VALUES(461, 'weavile', 'dark', 'ice', 215) 
INSERT INTO PokemonSpecies VALUES(462, 'magnezone', 'electric', 'steel', 82) 
INSERT INTO PokemonSpecies VALUES(463, 'lickilicky', 'normal', NULL, 108) 
INSERT INTO PokemonSpecies VALUES(464, 'rhyperior', 'ground', 'rock', 112) 
INSERT INTO PokemonSpecies VALUES(465, 'tangrowth', 'grass', NULL, 114) 
INSERT INTO PokemonSpecies VALUES(466, 'electivire', 'electric', NULL, 125) 
INSERT INTO PokemonSpecies VALUES(467, 'magmortar', 'fire', NULL, 126) 
INSERT INTO PokemonSpecies VALUES(468, 'togekiss', 'fairy', 'flying', 176) 
INSERT INTO PokemonSpecies VALUES(469, 'yanmega', 'bug', 'flying', 193) 
INSERT INTO PokemonSpecies VALUES(470, 'leafeon', 'grass', NULL, 133) 
INSERT INTO PokemonSpecies VALUES(471, 'glaceon', 'ice', NULL, 133) 
INSERT INTO PokemonSpecies VALUES(472, 'gliscor', 'ground', 'flying', 207) 
INSERT INTO PokemonSpecies VALUES(473, 'mamoswine', 'ice', 'ground', 221) 
INSERT INTO PokemonSpecies VALUES(474, 'porygon-z', 'normal', NULL, 233) 
INSERT INTO PokemonSpecies VALUES(475, 'gallade', 'psychic', 'fighting', 281) 
INSERT INTO PokemonSpecies VALUES(476, 'probopass', 'rock', 'steel', 299) 
INSERT INTO PokemonSpecies VALUES(477, 'dusknoir', 'ghost', NULL, 356) 
INSERT INTO PokemonSpecies VALUES(478, 'froslass', 'ice', 'ghost', 361) 
INSERT INTO PokemonSpecies VALUES(479, 'rotom', 'electric', 'ghost', NULL) 
INSERT INTO PokemonSpecies VALUES(480, 'uxie', 'psychic', NULL, NULL) 
INSERT INTO PokemonSpecies VALUES(481, 'mesprit', 'psychic', NULL, NULL) 
INSERT INTO PokemonSpecies VALUES(482, 'azelf', 'psychic', NULL, NULL) 
INSERT INTO PokemonSpecies VALUES(483, 'dialga', 'steel', 'dragon', NULL) 
INSERT INTO PokemonSpecies VALUES(484, 'palkia', 'water', 'dragon', NULL) 
INSERT INTO PokemonSpecies VALUES(485, 'heatran', 'fire', 'steel', NULL) 
INSERT INTO PokemonSpecies VALUES(486, 'regigigas', 'normal', NULL, NULL) 
INSERT INTO PokemonSpecies VALUES(487, 'giratina-altered', 'ghost', 'dragon', NULL) 
INSERT INTO PokemonSpecies VALUES(488, 'cresselia', 'psychic', NULL, NULL) 
INSERT INTO PokemonSpecies VALUES(489, 'phione', 'water', NULL, NULL) 
INSERT INTO PokemonSpecies VALUES(490, 'manaphy', 'water', NULL, NULL) 
INSERT INTO PokemonSpecies VALUES(491, 'darkrai', 'dark', NULL, NULL) 
INSERT INTO PokemonSpecies VALUES(492, 'shaymin-land', 'grass', NULL, NULL) 
INSERT INTO PokemonSpecies VALUES(493, 'arceus', 'normal', NULL, NULL) 
INSERT INTO PokemonSpecies VALUES(494, 'victini', 'psychic', 'fire', NULL) 
INSERT INTO PokemonSpecies VALUES(495, 'snivy', 'grass', NULL, NULL) 
INSERT INTO PokemonSpecies VALUES(496, 'servine', 'grass', NULL, 495) 
INSERT INTO PokemonSpecies VALUES(497, 'serperior', 'grass', NULL, 496) 
INSERT INTO PokemonSpecies VALUES(498, 'tepig', 'fire', NULL, NULL) 
INSERT INTO PokemonSpecies VALUES(499, 'pignite', 'fire', 'fighting', 498) 
INSERT INTO PokemonSpecies VALUES(500, 'emboar', 'fire', 'fighting', 499) 
INSERT INTO PokemonSpecies VALUES(501, 'oshawott', 'water', NULL, NULL) 
INSERT INTO PokemonSpecies VALUES(502, 'dewott', 'water', NULL, 501) 
INSERT INTO PokemonSpecies VALUES(503, 'samurott', 'water', NULL, 502) 
INSERT INTO PokemonSpecies VALUES(504, 'patrat', 'normal', NULL, NULL) 
INSERT INTO PokemonSpecies VALUES(505, 'watchog', 'normal', NULL, 504) 
INSERT INTO PokemonSpecies VALUES(506, 'lillipup', 'normal', NULL, NULL) 
INSERT INTO PokemonSpecies VALUES(507, 'herdier', 'normal', NULL, 506) 
INSERT INTO PokemonSpecies VALUES(508, 'stoutland', 'normal', NULL, 507) 
INSERT INTO PokemonSpecies VALUES(509, 'purrloin', 'dark', NULL, NULL) 
INSERT INTO PokemonSpecies VALUES(510, 'liepard', 'dark', NULL, 509) 
INSERT INTO PokemonSpecies VALUES(511, 'pansage', 'grass', NULL, NULL) 
INSERT INTO PokemonSpecies VALUES(512, 'simisage', 'grass', NULL, 511) 
INSERT INTO PokemonSpecies VALUES(513, 'pansear', 'fire', NULL, NULL) 
INSERT INTO PokemonSpecies VALUES(514, 'simisear', 'fire', NULL, 513) 
INSERT INTO PokemonSpecies VALUES(515, 'panpour', 'water', NULL, NULL) 
INSERT INTO PokemonSpecies VALUES(516, 'simipour', 'water', NULL, 515) 
INSERT INTO PokemonSpecies VALUES(517, 'munna', 'psychic', NULL, NULL) 
INSERT INTO PokemonSpecies VALUES(518, 'musharna', 'psychic', NULL, 517) 
INSERT INTO PokemonSpecies VALUES(519, 'pidove', 'normal', 'flying', NULL) 
INSERT INTO PokemonSpecies VALUES(520, 'tranquill', 'normal', 'flying', 519) 
INSERT INTO PokemonSpecies VALUES(521, 'unfezant', 'normal', 'flying', 520) 
INSERT INTO PokemonSpecies VALUES(522, 'blitzle', 'electric', NULL, NULL) 
INSERT INTO PokemonSpecies VALUES(523, 'zebstrika', 'electric', NULL, 522) 
INSERT INTO PokemonSpecies VALUES(524, 'roggenrola', 'rock', NULL, NULL) 
INSERT INTO PokemonSpecies VALUES(525, 'boldore', 'rock', NULL, 524) 
INSERT INTO PokemonSpecies VALUES(526, 'gigalith', 'rock', NULL, 525) 
INSERT INTO PokemonSpecies VALUES(527, 'woobat', 'psychic', 'flying', NULL) 
INSERT INTO PokemonSpecies VALUES(528, 'swoobat', 'psychic', 'flying', 527) 
INSERT INTO PokemonSpecies VALUES(529, 'drilbur', 'ground', NULL, NULL) 
INSERT INTO PokemonSpecies VALUES(530, 'excadrill', 'ground', 'steel', 529) 
INSERT INTO PokemonSpecies VALUES(531, 'audino', 'normal', NULL, NULL) 
INSERT INTO PokemonSpecies VALUES(532, 'timburr', 'fighting', NULL, NULL) 
INSERT INTO PokemonSpecies VALUES(533, 'gurdurr', 'fighting', NULL, 532) 
INSERT INTO PokemonSpecies VALUES(534, 'conkeldurr', 'fighting', NULL, 533) 
INSERT INTO PokemonSpecies VALUES(535, 'tympole', 'water', NULL, NULL) 
INSERT INTO PokemonSpecies VALUES(536, 'palpitoad', 'water', 'ground', 535) 
INSERT INTO PokemonSpecies VALUES(537, 'seismitoad', 'water', 'ground', 536) 
INSERT INTO PokemonSpecies VALUES(538, 'throh', 'fighting', NULL, NULL) 
INSERT INTO PokemonSpecies VALUES(539, 'sawk', 'fighting', NULL, NULL) 
INSERT INTO PokemonSpecies VALUES(540, 'sewaddle', 'bug', 'grass', NULL) 
INSERT INTO PokemonSpecies VALUES(541, 'swadloon', 'bug', 'grass', 540) 
INSERT INTO PokemonSpecies VALUES(542, 'leavanny', 'bug', 'grass', 541) 
INSERT INTO PokemonSpecies VALUES(543, 'venipede', 'bug', 'poison', NULL) 
INSERT INTO PokemonSpecies VALUES(544, 'whirlipede', 'bug', 'poison', 543) 
INSERT INTO PokemonSpecies VALUES(545, 'scolipede', 'bug', 'poison', 544) 
INSERT INTO PokemonSpecies VALUES(546, 'cottonee', 'grass', 'fairy', NULL) 
INSERT INTO PokemonSpecies VALUES(547, 'whimsicott', 'grass', 'fairy', 546) 
INSERT INTO PokemonSpecies VALUES(548, 'petilil', 'grass', NULL, NULL) 
INSERT INTO PokemonSpecies VALUES(549, 'lilligant', 'grass', NULL, 548) 
INSERT INTO PokemonSpecies VALUES(550, 'basculin-red-striped', 'water', NULL, NULL) 
INSERT INTO PokemonSpecies VALUES(551, 'sandile', 'ground', 'dark', NULL) 
INSERT INTO PokemonSpecies VALUES(552, 'krokorok', 'ground', 'dark', 551) 
INSERT INTO PokemonSpecies VALUES(553, 'krookodile', 'ground', 'dark', 552) 
INSERT INTO PokemonSpecies VALUES(554, 'darumaka', 'fire', NULL, NULL) 
INSERT INTO PokemonSpecies VALUES(555, 'darmanitan-standard', 'fire', NULL, 554) 
INSERT INTO PokemonSpecies VALUES(556, 'maractus', 'grass', NULL, NULL) 
INSERT INTO PokemonSpecies VALUES(557, 'dwebble', 'bug', 'rock', NULL) 
INSERT INTO PokemonSpecies VALUES(558, 'crustle', 'bug', 'rock', 557) 
INSERT INTO PokemonSpecies VALUES(559, 'scraggy', 'dark', 'fighting', NULL) 
INSERT INTO PokemonSpecies VALUES(560, 'scrafty', 'dark', 'fighting', 559) 
INSERT INTO PokemonSpecies VALUES(561, 'sigilyph', 'psychic', 'flying', NULL) 
INSERT INTO PokemonSpecies VALUES(562, 'yamask', 'ghost', NULL, NULL) 
INSERT INTO PokemonSpecies VALUES(563, 'cofagrigus', 'ghost', NULL, 562) 
INSERT INTO PokemonSpecies VALUES(564, 'tirtouga', 'water', 'rock', NULL) 
INSERT INTO PokemonSpecies VALUES(565, 'carracosta', 'water', 'rock', 564) 
INSERT INTO PokemonSpecies VALUES(566, 'archen', 'rock', 'flying', NULL) 
INSERT INTO PokemonSpecies VALUES(567, 'archeops', 'rock', 'flying', 566) 
INSERT INTO PokemonSpecies VALUES(568, 'trubbish', 'poison', NULL, NULL) 
INSERT INTO PokemonSpecies VALUES(569, 'garbodor', 'poison', NULL, 568) 
INSERT INTO PokemonSpecies VALUES(570, 'zorua', 'dark', NULL, NULL) 
INSERT INTO PokemonSpecies VALUES(571, 'zoroark', 'dark', NULL, 570) 
INSERT INTO PokemonSpecies VALUES(572, 'minccino', 'normal', NULL, NULL) 
INSERT INTO PokemonSpecies VALUES(573, 'cinccino', 'normal', NULL, 572) 
INSERT INTO PokemonSpecies VALUES(574, 'gothita', 'psychic', NULL, NULL) 
INSERT INTO PokemonSpecies VALUES(575, 'gothorita', 'psychic', NULL, 574) 
INSERT INTO PokemonSpecies VALUES(576, 'gothitelle', 'psychic', NULL, 575) 
INSERT INTO PokemonSpecies VALUES(577, 'solosis', 'psychic', NULL, NULL) 
INSERT INTO PokemonSpecies VALUES(578, 'duosion', 'psychic', NULL, 577) 
INSERT INTO PokemonSpecies VALUES(579, 'reuniclus', 'psychic', NULL, 578) 
INSERT INTO PokemonSpecies VALUES(580, 'ducklett', 'water', 'flying', NULL) 
INSERT INTO PokemonSpecies VALUES(581, 'swanna', 'water', 'flying', 580) 
INSERT INTO PokemonSpecies VALUES(582, 'vanillite', 'ice', NULL, NULL) 
INSERT INTO PokemonSpecies VALUES(583, 'vanillish', 'ice', NULL, 582) 
INSERT INTO PokemonSpecies VALUES(584, 'vanilluxe', 'ice', NULL, 583) 
INSERT INTO PokemonSpecies VALUES(585, 'deerling', 'normal', 'grass', NULL) 
INSERT INTO PokemonSpecies VALUES(586, 'sawsbuck', 'normal', 'grass', 585) 
INSERT INTO PokemonSpecies VALUES(587, 'emolga', 'electric', 'flying', NULL) 
INSERT INTO PokemonSpecies VALUES(588, 'karrablast', 'bug', NULL, NULL) 
INSERT INTO PokemonSpecies VALUES(589, 'escavalier', 'bug', 'steel', 588) 
INSERT INTO PokemonSpecies VALUES(590, 'foongus', 'grass', 'poison', NULL) 
INSERT INTO PokemonSpecies VALUES(591, 'amoonguss', 'grass', 'poison', 590) 
INSERT INTO PokemonSpecies VALUES(592, 'frillish', 'water', 'ghost', NULL) 
INSERT INTO PokemonSpecies VALUES(593, 'jellicent', 'water', 'ghost', 592) 
INSERT INTO PokemonSpecies VALUES(594, 'alomomola', 'water', NULL, NULL) 
INSERT INTO PokemonSpecies VALUES(595, 'joltik', 'bug', 'electric', NULL) 
INSERT INTO PokemonSpecies VALUES(596, 'galvantula', 'bug', 'electric', 595) 
INSERT INTO PokemonSpecies VALUES(597, 'ferroseed', 'grass', 'steel', NULL) 
INSERT INTO PokemonSpecies VALUES(598, 'ferrothorn', 'grass', 'steel', 597) 
INSERT INTO PokemonSpecies VALUES(599, 'klink', 'steel', NULL, NULL) 
INSERT INTO PokemonSpecies VALUES(600, 'klang', 'steel', NULL, 599) 
INSERT INTO PokemonSpecies VALUES(601, 'klinklang', 'steel', NULL, 600) 
INSERT INTO PokemonSpecies VALUES(602, 'tynamo', 'electric', NULL, NULL) 
INSERT INTO PokemonSpecies VALUES(603, 'eelektrik', 'electric', NULL, 602) 
INSERT INTO PokemonSpecies VALUES(604, 'eelektross', 'electric', NULL, 603) 
INSERT INTO PokemonSpecies VALUES(605, 'elgyem', 'psychic', NULL, NULL) 
INSERT INTO PokemonSpecies VALUES(606, 'beheeyem', 'psychic', NULL, 605) 
INSERT INTO PokemonSpecies VALUES(607, 'litwick', 'ghost', 'fire', NULL) 
INSERT INTO PokemonSpecies VALUES(608, 'lampent', 'ghost', 'fire', 607) 
INSERT INTO PokemonSpecies VALUES(609, 'chandelure', 'ghost', 'fire', 608) 
INSERT INTO PokemonSpecies VALUES(610, 'axew', 'dragon', NULL, NULL) 
INSERT INTO PokemonSpecies VALUES(611, 'fraxure', 'dragon', NULL, 610) 
INSERT INTO PokemonSpecies VALUES(612, 'haxorus', 'dragon', NULL, 611) 
INSERT INTO PokemonSpecies VALUES(613, 'cubchoo', 'ice', NULL, NULL) 
INSERT INTO PokemonSpecies VALUES(614, 'beartic', 'ice', NULL, 613) 
INSERT INTO PokemonSpecies VALUES(615, 'cryogonal', 'ice', NULL, NULL) 
INSERT INTO PokemonSpecies VALUES(616, 'shelmet', 'bug', NULL, NULL) 
INSERT INTO PokemonSpecies VALUES(617, 'accelgor', 'bug', NULL, 616) 
INSERT INTO PokemonSpecies VALUES(618, 'stunfisk', 'ground', 'electric', NULL) 
INSERT INTO PokemonSpecies VALUES(619, 'mienfoo', 'fighting', NULL, NULL) 
INSERT INTO PokemonSpecies VALUES(620, 'mienshao', 'fighting', NULL, 619) 
INSERT INTO PokemonSpecies VALUES(621, 'druddigon', 'dragon', NULL, NULL) 
INSERT INTO PokemonSpecies VALUES(622, 'golett', 'ground', 'ghost', NULL) 
INSERT INTO PokemonSpecies VALUES(623, 'golurk', 'ground', 'ghost', 622) 
INSERT INTO PokemonSpecies VALUES(624, 'pawniard', 'dark', 'steel', NULL) 
INSERT INTO PokemonSpecies VALUES(625, 'bisharp', 'dark', 'steel', 624) 
INSERT INTO PokemonSpecies VALUES(626, 'bouffalant', 'normal', NULL, NULL) 
INSERT INTO PokemonSpecies VALUES(627, 'rufflet', 'normal', 'flying', NULL) 
INSERT INTO PokemonSpecies VALUES(628, 'braviary', 'normal', 'flying', 627) 
INSERT INTO PokemonSpecies VALUES(629, 'vullaby', 'dark', 'flying', NULL) 
INSERT INTO PokemonSpecies VALUES(630, 'mandibuzz', 'dark', 'flying', 629) 
INSERT INTO PokemonSpecies VALUES(631, 'heatmor', 'fire', NULL, NULL) 
INSERT INTO PokemonSpecies VALUES(632, 'durant', 'bug', 'steel', NULL) 
INSERT INTO PokemonSpecies VALUES(633, 'deino', 'dark', 'dragon', NULL) 
INSERT INTO PokemonSpecies VALUES(634, 'zweilous', 'dark', 'dragon', 633) 
INSERT INTO PokemonSpecies VALUES(635, 'hydreigon', 'dark', 'dragon', 634) 
INSERT INTO PokemonSpecies VALUES(636, 'larvesta', 'bug', 'fire', NULL) 
INSERT INTO PokemonSpecies VALUES(637, 'volcarona', 'bug', 'fire', 636) 
INSERT INTO PokemonSpecies VALUES(638, 'cobalion', 'steel', 'fighting', NULL) 
INSERT INTO PokemonSpecies VALUES(639, 'terrakion', 'rock', 'fighting', NULL) 
INSERT INTO PokemonSpecies VALUES(640, 'virizion', 'grass', 'fighting', NULL) 
INSERT INTO PokemonSpecies VALUES(641, 'tornadus-incarnate', 'flying', NULL, NULL) 
INSERT INTO PokemonSpecies VALUES(642, 'thundurus-incarnate', 'electric', 'flying', NULL) 
INSERT INTO PokemonSpecies VALUES(643, 'reshiram', 'dragon', 'fire', NULL) 
INSERT INTO PokemonSpecies VALUES(644, 'zekrom', 'dragon', 'electric', NULL) 
INSERT INTO PokemonSpecies VALUES(645, 'landorus-incarnate', 'ground', 'flying', NULL) 
INSERT INTO PokemonSpecies VALUES(646, 'kyurem', 'dragon', 'ice', NULL) 
INSERT INTO PokemonSpecies VALUES(647, 'keldeo-ordinary', 'water', 'fighting', NULL) 
INSERT INTO PokemonSpecies VALUES(648, 'meloetta-aria', 'normal', 'psychic', NULL) 
INSERT INTO PokemonSpecies VALUES(649, 'genesect', 'bug', 'steel', NULL) 
INSERT INTO PokemonSpecies VALUES(650, 'chespin', 'grass', NULL, NULL) 
INSERT INTO PokemonSpecies VALUES(651, 'quilladin', 'grass', NULL, 650) 
INSERT INTO PokemonSpecies VALUES(652, 'chesnaught', 'grass', 'fighting', 651) 
INSERT INTO PokemonSpecies VALUES(653, 'fennekin', 'fire', NULL, NULL) 
INSERT INTO PokemonSpecies VALUES(654, 'braixen', 'fire', NULL, 653) 
INSERT INTO PokemonSpecies VALUES(655, 'delphox', 'fire', 'psychic', 654) 
INSERT INTO PokemonSpecies VALUES(656, 'froakie', 'water', NULL, NULL) 
INSERT INTO PokemonSpecies VALUES(657, 'frogadier', 'water', NULL, 656) 
INSERT INTO PokemonSpecies VALUES(658, 'greninja', 'water', 'dark', 657) 
INSERT INTO PokemonSpecies VALUES(659, 'bunnelby', 'normal', NULL, NULL) 
INSERT INTO PokemonSpecies VALUES(660, 'diggersby', 'normal', 'ground', 659) 
INSERT INTO PokemonSpecies VALUES(661, 'fletchling', 'normal', 'flying', NULL) 
INSERT INTO PokemonSpecies VALUES(662, 'fletchinder', 'fire', 'flying', 661) 
INSERT INTO PokemonSpecies VALUES(663, 'talonflame', 'fire', 'flying', 662) 
INSERT INTO PokemonSpecies VALUES(664, 'scatterbug', 'bug', NULL, NULL) 
INSERT INTO PokemonSpecies VALUES(665, 'spewpa', 'bug', NULL, 664) 
INSERT INTO PokemonSpecies VALUES(666, 'vivillon', 'bug', 'flying', 665) 
INSERT INTO PokemonSpecies VALUES(667, 'litleo', 'fire', 'normal', NULL) 
INSERT INTO PokemonSpecies VALUES(668, 'pyroar', 'fire', 'normal', 667) 
INSERT INTO PokemonSpecies VALUES(669, 'flabebe', 'fairy', NULL, NULL) 
INSERT INTO PokemonSpecies VALUES(670, 'floette', 'fairy', NULL, 669) 
INSERT INTO PokemonSpecies VALUES(671, 'florges', 'fairy', NULL, 670) 
INSERT INTO PokemonSpecies VALUES(672, 'skiddo', 'grass', NULL, NULL) 
INSERT INTO PokemonSpecies VALUES(673, 'gogoat', 'grass', NULL, 672) 
INSERT INTO PokemonSpecies VALUES(674, 'pancham', 'fighting', NULL, NULL) 
INSERT INTO PokemonSpecies VALUES(675, 'pangoro', 'fighting', 'dark', 674) 
INSERT INTO PokemonSpecies VALUES(676, 'furfrou', 'normal', NULL, NULL) 
INSERT INTO PokemonSpecies VALUES(677, 'espurr', 'psychic', NULL, NULL) 
INSERT INTO PokemonSpecies VALUES(678, 'meowstic-male', 'psychic', NULL, 677) 
INSERT INTO PokemonSpecies VALUES(679, 'honedge', 'steel', 'ghost', NULL) 
INSERT INTO PokemonSpecies VALUES(680, 'doublade', 'steel', 'ghost', 679) 
INSERT INTO PokemonSpecies VALUES(681, 'aegislash-shield', 'steel', 'ghost', 680) 
INSERT INTO PokemonSpecies VALUES(682, 'spritzee', 'fairy', NULL, NULL) 
INSERT INTO PokemonSpecies VALUES(683, 'aromatisse', 'fairy', NULL, 682) 
INSERT INTO PokemonSpecies VALUES(684, 'swirlix', 'fairy', NULL, NULL) 
INSERT INTO PokemonSpecies VALUES(685, 'slurpuff', 'fairy', NULL, 684) 
INSERT INTO PokemonSpecies VALUES(686, 'inkay', 'dark', 'psychic', NULL) 
INSERT INTO PokemonSpecies VALUES(687, 'malamar', 'dark', 'psychic', 686) 
INSERT INTO PokemonSpecies VALUES(688, 'binacle', 'rock', 'water', NULL) 
INSERT INTO PokemonSpecies VALUES(689, 'barbaracle', 'rock', 'water', 688) 
INSERT INTO PokemonSpecies VALUES(690, 'skrelp', 'poison', 'water', NULL) 
INSERT INTO PokemonSpecies VALUES(691, 'dragalge', 'poison', 'dragon', 690) 
INSERT INTO PokemonSpecies VALUES(692, 'clauncher', 'water', NULL, NULL) 
INSERT INTO PokemonSpecies VALUES(693, 'clawitzer', 'water', NULL, 692) 
INSERT INTO PokemonSpecies VALUES(694, 'helioptile', 'electric', 'normal', NULL) 
INSERT INTO PokemonSpecies VALUES(695, 'heliolisk', 'electric', 'normal', 694) 
INSERT INTO PokemonSpecies VALUES(696, 'tyrunt', 'rock', 'dragon', NULL) 
INSERT INTO PokemonSpecies VALUES(697, 'tyrantrum', 'rock', 'dragon', 696) 
INSERT INTO PokemonSpecies VALUES(698, 'amaura', 'rock', 'ice', NULL) 
INSERT INTO PokemonSpecies VALUES(699, 'aurorus', 'rock', 'ice', 698) 
INSERT INTO PokemonSpecies VALUES(700, 'sylveon', 'fairy', NULL, 133) 
INSERT INTO PokemonSpecies VALUES(701, 'hawlucha', 'fighting', 'flying', NULL) 
INSERT INTO PokemonSpecies VALUES(702, 'dedenne', 'electric', 'fairy', NULL) 
INSERT INTO PokemonSpecies VALUES(703, 'carbink', 'rock', 'fairy', NULL) 
INSERT INTO PokemonSpecies VALUES(704, 'goomy', 'dragon', NULL, NULL) 
INSERT INTO PokemonSpecies VALUES(705, 'sliggoo', 'dragon', NULL, 704) 
INSERT INTO PokemonSpecies VALUES(706, 'goodra', 'dragon', NULL, 705) 
INSERT INTO PokemonSpecies VALUES(707, 'klefki', 'steel', 'fairy', NULL) 
INSERT INTO PokemonSpecies VALUES(708, 'phantump', 'ghost', 'grass', NULL) 
INSERT INTO PokemonSpecies VALUES(709, 'trevenant', 'ghost', 'grass', 708) 
INSERT INTO PokemonSpecies VALUES(710, 'pumpkaboo-average', 'ghost', 'grass', NULL) 
INSERT INTO PokemonSpecies VALUES(711, 'gourgeist-average', 'ghost', 'grass', 710) 
INSERT INTO PokemonSpecies VALUES(712, 'bergmite', 'ice', NULL, NULL) 
INSERT INTO PokemonSpecies VALUES(713, 'avalugg', 'ice', NULL, 712) 
INSERT INTO PokemonSpecies VALUES(714, 'noibat', 'flying', 'dragon', NULL) 
INSERT INTO PokemonSpecies VALUES(715, 'noivern', 'flying', 'dragon', 714) 
INSERT INTO PokemonSpecies VALUES(716, 'xerneas', 'fairy', NULL, NULL) 
INSERT INTO PokemonSpecies VALUES(717, 'yveltal', 'dark', 'flying', NULL) 
INSERT INTO PokemonSpecies VALUES(718, 'zygarde', 'dragon', 'ground', NULL) 
INSERT INTO PokemonSpecies VALUES(719, 'diancie', 'rock', 'fairy', NULL) 
INSERT INTO PokemonSpecies VALUES(720, 'hoopa', 'psychic', 'ghost', NULL) 
INSERT INTO PokemonSpecies VALUES(721, 'volcanion', 'fire', 'water', NULL) 

-- INSERT INTO Pokemon VALUES (trainer_id, nickname, level)
INSERT INTO Pokemon VALUES (1, 'Octosire', 100, 121)
INSERT INTO Pokemon VALUES (1, 'Banub', 50, 3)
INSERT INTO Pokemon VALUES (1, 'Ostrung', 20, 101)
INSERT INTO Pokemon VALUES (1, 'Pelicaring', 12, 130)
INSERT INTO Pokemon VALUES (1, 'Quilhopper', 14, 111)
INSERT INTO Pokemon VALUES (1, 'Zappy', 27, 17)
INSERT INTO Pokemon VALUES (2, 'Squiggles', 2, 6)
INSERT INTO Pokemon VALUES (2, 'Wiggles', 2, 7)
INSERT INTO Pokemon VALUES (2, 'Chillanzee', 29, 11)
INSERT INTO Pokemon VALUES (2, 'Hardtocatch', 23, 48)
INSERT INTO Pokemon VALUES (2, 'Muk', 35, 99)
INSERT INTO Pokemon VALUES (2, 'Sandosaur', 56, 78)
INSERT INTO Pokemon VALUES (3, 'Mermantis', 45, 12)
INSERT INTO Pokemon VALUES (3, 'Salamaniac', 67, 58)
INSERT INTO Pokemon VALUES (3, 'Recyclops', 45, 139)
INSERT INTO Pokemon VALUES (3, 'Specipion', 88, 111)
INSERT INTO Pokemon VALUES (3, 'Moltyte', 73, 128)
INSERT INTO Pokemon VALUES (3, 'Quickida', 88, 10)
INSERT INTO Pokemon VALUES (4, 'Beavermin', 89, 12)
INSERT INTO Pokemon VALUES (4, 'Pandotto', 78, 132)
INSERT INTO Pokemon VALUES (4, 'Leotle', 70, 120)
INSERT INTO Pokemon VALUES (4, 'Wolvebite', 60, 121)
INSERT INTO Pokemon VALUES (4, 'Lobstaring', 65, 19)
INSERT INTO Pokemon VALUES(100, 'Onix', 12, 2)
INSERT INTO Pokemon VALUES(100, 'Geodude', 14, 4)
INSERT INTO Pokemon VALUES(200, 'Staryu', 18, 9)
INSERT INTO Pokemon VALUES(200, 'Starmie', 21, 98)
INSERT INTO Pokemon VALUES(300, 'Voltorb', 21, 58)
INSERT INTO Pokemon VALUES(300, 'Pikachu', 18, 29)
INSERT INTO Pokemon VALUES(300, 'Raichu', 24, 11)
INSERT INTO Pokemon VALUES(400, 'Victreebel', 29, 29)
INSERT INTO Pokemon VALUES(400, 'Tangela', 24, 98)
INSERT INTO Pokemon VALUES(400, 'Vileplume', 29, 59)
INSERT INTO Pokemon VALUES(500, 'Koffing', 37, 29)
INSERT INTO Pokemon VALUES(500, 'Koffing2', 37, 19)
INSERT INTO Pokemon VALUES(500, 'Weezing', 43, 81)
INSERT INTO Pokemon VALUES(500, 'Muk', 39, 48)
INSERT INTO Pokemon VALUES(600, 'Kadabra', 38, 12)
INSERT INTO Pokemon VALUES(600, 'Venomoth', 38, 22)
INSERT INTO Pokemon VALUES(600, 'Mr. Mime', 37, 38)
INSERT INTO Pokemon VALUES(600, 'Alakazam', 43, 59)
INSERT INTO Pokemon VALUES(700, 'Growlithe', 42, 49)
INSERT INTO Pokemon VALUES(700, 'Ponyta', 40, 29)
INSERT INTO Pokemon VALUES(700, 'Rapidash', 42, 11)
INSERT INTO Pokemon VALUES(700, 'Arcanine', 47, 89)
INSERT INTO Pokemon VALUES(800, 'Rhyhorn', 45, 59)
INSERT INTO Pokemon VALUES(800, 'Dugtrio', 42, 82)
INSERT INTO Pokemon VALUES(800, 'Nidoqueen', 44, 61)
INSERT INTO Pokemon VALUES(800, 'Nidoking', 45, 92)
INSERT INTO Pokemon VALUES(800, 'Rhydon', 50, 21)